{"bounds": [[0.0029296875, 0.8818359375], [0.0029296875, 0.04785156249999999], [0.0029296875, 0.00347900390625]], "sequence_length": 90, "default_connectivity_radius": 0.0009467730571429178, "dim": 3, "dt": 0.03333333333333333, "dx": 0.1, "critical_time_step": 0.00038729833462074176, "vel_mean": [0.001142218359746039, 0.0003224751562811434, -8.130533579731036e-09], "vel_std": [0.0036677205935120583, 0.0010929349809885025, 6.675704611325273e-08], "acc_mean": [4.622608685167506e-05, 3.4836966733564623e-06, 1.2887326622523787e-11], "acc_std": [0.0001308973296545446, 0.00011204774637008086, 1.809189953405621e-08]}