{"bounds": [[0.1, 0.9], [0.1, 0.9]], "sequence_length": 40, "default_connectivity_radius": 0.5, "dim": 2, "dt": 0.05, "dx": 0.05, "critical_time_step": 0.0003354101966249685, "vel_mean": [49.86342239379883, 0.27460694313049316], "vel_std": [35.07475662231445, 4.113578796386719], "acc_mean": [0.0, 0.2599982023239136], "acc_std": [0.0, 3.925889492034912]}