{"bounds": [[0.005859375, 0.884765625], [0.005859375, 0.09570312499999999], [0.005859375, 0.0069580078125]], "sequence_length": 420, "default_connectivity_radius": 0.0018935461142858356, "dim": 3, "dt": 0.016666666666666666, "dx": 0.1, "critical_time_step": 0.00038729833462074176, "vel_mean": [0.007693057879805565, 0.00031557498732581735, -2.7162533555724622e-08], "vel_std": [0.01295977272093296, 0.004065689165145159, 9.315767215412052e-07], "acc_mean": [1.1661559256026521e-05, -5.589993747889821e-07, 4.890197621842951e-11], "acc_std": [0.00030339311342686415, 0.00025687055313028395, 1.1941107231905335e-06]}