{"bounds": [[0.0029296875, 0.8818359375], [0.0029296875, 0.04785156249999999], [0.0029296875, 0.00347900390625]], "sequence_length": 600, "default_connectivity_radius": 0.0009467730571429178, "dim": 3, "dt": 0.016666666666666666, "dx": 0.1, "critical_time_step": 0.00038729833462074176, "vel_mean": [0.0027218307368457317, 9.520597086520866e-05, -5.699941407755205e-09], "vel_std": [0.005781782325357199, 0.0015141875483095646, 1.304507861732418e-07], "acc_mean": [3.1997612950362964e-06, 4.2463651084290177e-07, -5.659496482568471e-11], "acc_std": [0.00011697204899974167, 8.503716526320204e-05, 8.329465117640211e-08]}