{"bounds": [[0.1, 0.9], [0.1, 0.9]], "sequence_length": 200, "default_connectivity_radius": 0.5, "dim": 2, "dt": 0.0025, "vel_mean": [0.28410255908966064, -0.007772662676870823], "vel_std": [0.3916882872581482, 0.14344267547130585], "acc_mean": [-0.000962220539804548, 0.0028905554208904505], "acc_std": [0.04652982950210571, 0.1701633334159851]}