{"bounds": [[0.1, 0.9], [0.1, 0.9]], "sequence_length": 400, "default_connectivity_radius": 0.5, "dim": 2, "dt": 0.0025, "vel_mean": [0.0988064855337143, -0.0021502282470464706], "vel_std": [0.3992491364479065, 0.13636784255504608], "acc_mean": [-0.00023493438493460417, 0.0014494413044303656], "acc_std": [0.04131137207150459, 0.16048409044742584]}