{"bounds": [[0.1, 0.9], [0.1, 0.9]], "sequence_length": 20, "default_connectivity_radius": 0.5, "dim": 2, "dt": 0.0025, "vel_mean": [0.061745669692754745, -0.05129004642367363], "vel_std": [0.21644040942192078, 0.5000209808349609], "acc_mean": [0.006555751897394657, 0.036345142871141434], "acc_std": [0.16783978044986725, 0.7273380160331726]}