{"bounds": [[0.1, 0.9], [0.1, 0.9]], "sequence_length": 20, "default_connectivity_radius": 0.5, "dim": 2, "dt": 0.0025, "vel_mean": [0.028264982625842094, -0.14294682443141937], "vel_std": [0.1870431751012802, 0.6418414115905762], "acc_mean": [0.006056111305952072, 0.013512413017451763], "acc_std": [0.16403526067733765, 0.9263982772827148]}